060310,3S
095570,AJ네트웍스
006840,AK홀딩스
054620,APS홀딩스
265520,AP시스템
211270,AP위성
027410,BGF
282330,BGF리테일
138930,BNK금융지주
001460,BYC
001465,BYC우
001040,CJ
079160,CJ CGV
035760,CJ ENM
00104K,CJ4우(전환)
000120,CJ대한통운
011150,CJ씨푸드
011155,CJ씨푸드1우
001045,CJ우
097950,CJ제일제당
097955,CJ제일제당 우
051500,CJ프레시웨이
058820,CMG제약
023460,CNH
056000,COWON
065770,CS
083660,CSA 코스믹
000590,CS홀딩스
012030,DB
367340,DB금융스팩8호
367360,DB금융스팩9호
016610,DB금융투자
005830,DB손해보험
000990,DB하이텍
000995,DB하이텍1우
139130,DGB금융지주
001530,DI동일
000210,DL
001880,DL건설
000215,DL우
375500,DL이앤씨
37550K,DL이앤씨우
068790,DMS
004840,DRB동일
241520,DSC인베스트먼트
155660,DSR
069730,DSR제강
017940,E1
245620,EDGC
037370,EG
278990,EMB
079190,EMW
365550,ESR켄달스퀘어리츠
050120,ES큐브
007700,F&F
130500,GH신소재
114090,GKL
900290,GRT
078930,GS
083450,GST
006360,GS건설
001250,GS글로벌
007070,GS리테일
078935,GS우
028150,GS홈쇼핑
045890,GV
078150,HB테크놀러지
012630,HDC
039570,HDC아이콘트롤스
089470,HDC현대EP
294870,HDC현대산업개발
011200,HMM
036640,HRS
082740,HSD엔진
335870,IBKS제12호스팩
351340,IBKS제13호스팩
351320,IBKS제14호스팩
373200,IBKS제15호스팩
003560,IHQ
095340,ISC
099520,ITX-AI
175330,JB금융지주
950170,JTC
234080,JW생명과학
067290,JW신약
001060,JW중외제약
001067,JW중외제약2우B
001065,JW중외제약우
096760,JW홀딩스
035900,JYP Ent.
024840,KBI메탈
105560,KB금융
024120,KB오토시스
002380,KCC
021320,KCC건설
036670,KCI
009070,KCTC
009440,KC그린홀딩스
112190,KC산업
119650,KC코트렐
044180,KD
092220,KEC
151860,KG ETS
016380,KG동부제철
016385,KG동부제철우
046440,KG모빌리언스
035600,KG이니시스
001390,KG케미칼
226360,KH E&T
060720,KH바텍
001940,KISCO홀딩스
122450,KMH
052900,KMH하이텍
058400,KNN
114450,KPX생명과학
025000,KPX케미칼
092230,KPX홀딩스
000040,KR모터스
044450,KSS해운
030200,KT
033780,KT&G
030210,KTB투자증권
036030,KTH
058850,KTcs
058860,KTis
060370,KT서브마린
093050,LF
003550,LG
034220,LG디스플레이
001120,LG상사
051900,LG생활건강
051905,LG생활건강우
003555,LG우
032640,LG유플러스
011070,LG이노텍
066570,LG전자
066575,LG전자우
108670,LG하우시스
108675,LG하우시스우
037560,LG헬로비전
051910,LG화학
051915,LG화학우
079550,LIG넥스원
006260,LS
010120,LS ELECTRIC
000680,LS네트웍스
229640,LS전선아시아
023150,MH에탄올
065150,MP그룹
219550,MP한강
035420,NAVER
160550,NEW
053290,NE능률
181710,NHN
104200,NHN벅스
060250,NHN한국사이버결제
005940,NH투자증권
005945,NH투자증권우
338100,NH프라임리츠
034310,NICE
030190,NICE평가정보
008260,NI스틸
004250,NPC
004255,NPC우
010060,OCI
078590,OQP
178920,PI첨단소재
024940,PN풍년
005490,POSCO
218410,RFHIC
327260,RF머트리얼즈
091340,S&K폴리텍
010950,S-Oil
010955,S-Oil우
019550,SBI인베스트먼트
950110,SBI핀테크솔루션즈
034120,SBS
101060,SBS미디어홀딩스
046140,SBS콘텐츠허브
036120,SCI평가정보
099220,SDN
036540,SFA반도체
255220,SG
040610,SG&G
049470,SGA
184230,SGA솔루션즈
224880,SGA클라우드서비스
005090,SGC에너지
016250,SGC이테크건설
004060,SG세계물산
001380,SG충방
002360,SH에너지화학
009160,SIMPAC
123700,SJM
025530,SJM홀딩스
034730,SK
307070,SK4호스팩
337450,SK5호스팩
340350,SK6호스팩
011790,SKC
018670,SK가스
001740,SK네트웍스
001745,SK네트웍스우
006120,SK디스커버리
006125,SK디스커버리우
210980,SK디앤디
068400,SK렌터카
036490,SK머티리얼즈
302440,SK바이오사이언스
326030,SK바이오팜
03473K,SK우
096770,SK이노베이션
096775,SK이노베이션우
001510,SK증권
001515,SK증권우
285130,SK케미칼
28513K,SK케미칼우
017670,SK텔레콤
000660,SK하이닉스
048550,SM C&C
063440,SM Life Design
950180,SNK
064960,SNT모티브
100840,SNT에너지
003570,SNT중공업
036530,SNT홀딩스
005610,SPC삼립
011810,STX
077970,STX엔진
071970,STX중공업
002820,SUN&L
289080,SV인베스트먼트
084870,TBH글로벌
002710,TCC스틸
089230,THE E&M
161570,THE MIDONG
032540,TJ미디어
048770,TPC
246690,TS인베스트먼트
317240,TS트릴리온
002900,TYM
038340,UCI
073570,WI
024070,WISCOM
052300,W홀딩컴퍼니
057030,YBM넷
037270,YG PLUS
040300,YTN
051390,YW
052220,iMBC
079940,가비아
078890,가온미디어
000500,가온전선
192410,감마누
036620,감성코퍼레이션
000860,강남제비스코
217730,강스템바이오텍
114190,강원
035250,강원랜드
094480,갤럭시아머니트리
011420,갤럭시아에스엠
063080,게임빌
044480,경남바이오파마
039240,경남스틸
053950,경남제약
223310,경남제약헬스케어
002100,경농
009450,경동나비엔
267290,경동도시가스
012320,경동인베스트
011040,경동제약
000050,경방
214390,경보제약
012610,경인양행
009140,경인전자
024910,경창산업
013580,계룡건설
012200,계양전기
012205,계양전기우
002140,고려산업
198440,고려시멘트
049720,고려신용정보
010130,고려아연
002240,고려제강
014570,고려제약
348150,고바이오랩
098460,고영
035290,골드앤에스
038530,골드퍼시픽
900280,골든센츄리
215000,골프존
121440,골프존뉴딘홀딩스
183410,골프존데카
076340,관악산업
009290,광동제약
014200,광림
017040,광명전기
017900,광전자
037710,광주신세계
026910,광진실업
090150,광진윈텍
355150,교보10호스팩
331520,교보9호스팩
030610,교보증권
339770,교촌에프앤비
053270,구영테크
007690,국도화학
005320,국동
001140,국보
066620,국보디자인
043650,국순당
006050,국영지앤엠
060480,국일신동
078130,국일제지
307750,국전약품
002720,국제약품
243870,굿센
204020,그리티
083420,그린케미칼
186230,그린플러스
014530,극동유화
900070,글로벌에스엠
204620,글로벌텍스프리
019660,글로본
014280,금강공업
014285,금강공업우
053260,금강철강
008870,금비
001570,금양
002990,금호건설
002995,금호건설우
011780,금호석유
011785,금호석유우
214330,금호에이치티
001210,금호전기
073240,금호타이어
036190,금화피에스시
049080,기가레인
035460,기산텔레콤
092440,기신정기
000270,기아
024110,기업은행
013700,까뮤이앤씨
308100,까스텔바작
004540,깨끗한나라
004545,깨끗한나라우
187790,나노
286750,나노브릭
151910,나노스
121600,나노신소재
247660,나노씨엠에스
039860,나노엔텍
091970,나노캠텍
244880,나눔테크
288490,나라소프트
051490,나라엠앤디
190510,나무가
242040,나무기술
089600,나스미디어
293580,나우IB
257990,나우코스
138610,나이벡
130580,나이스디앤비
036800,나이스정보통신
267320,나인테크
001260,남광토건
008350,남선알미늄
008355,남선알미우
004270,남성
003920,남양유업
003925,남양유업우
025860,남해화학
111710,남화산업
091590,남화토건
168330,내츄럴엔도텍
094860,네오리진
253590,네오셈
212560,네오오토
095660,네오위즈
042420,네오위즈홀딩스
950220,네오이뮨텍(Reg.S)
311390,네오크레마
085910,네오티스
092730,네오팜
290660,네오펙트
306620,네온테크
153460,네이블
007390,네이처셀
086220,네추럴FNP
033640,네패스
330860,네패스아크
005720,넥센
005725,넥센우
002350,넥센타이어
002355,넥센타이어1우B
089140,넥스턴
065170,넥스트BT
003580,넥스트사이언스
137940,넥스트아이
348210,넥스틴
041140,넥슨지티
217270,넵튠
225570,넷게임즈
251270,넷마블
317860,노드메이슨
104620,노랑풍선
090350,노루페인트
090355,노루페인트우
000320,노루홀딩스
000325,노루홀딩스우
194700,노바렉스
285490,노바텍
229500,노브메타파마
278650,노터스
006280,녹십자
144510,녹십자랩셀
031390,녹십자셀
142280,녹십자엠에스
234690,녹십자웰빙
005250,녹십자홀딩스
005257,녹십자홀딩스2우
065560,녹원씨엔아이
004370,농심
072710,농심홀딩스
054050,농우바이오
040160,누리텔레콤
069140,누리플랜
126870,뉴로스
060260,뉴보텍
012340,뉴인텍
214870,뉴지랩파마
270870,뉴트리
144960,뉴파워프라즈마
900100,뉴프라이드
085670,뉴프렉스
119860,다나와
064260,다날
093640,다믈멀티미디어
039560,다산네트웍스
058730,다스코
023590,다우기술
032190,다우데이타
323350,다원넥스뷰
068240,다원시스
086080,다이노나
271850,다이오진
343090,단디바이오
019680,대교
019685,대교우B
006370,대구백화점
008060,대덕
00806K,대덕1우
353200,대덕전자
35320K,대덕전자1우
178600,대동고려삼
000490,대동공업
020400,대동금속
008830,대동기어
048470,대동스틸
008110,대동전자
004780,대륙제관
005750,대림B&Co
017650,대림제지
006570,대림통상
007720,대명소노시즌
317850,대모
290670,대보마그네틱
078140,대봉엘에스
001680,대상
001685,대상우
084690,대상홀딩스
084695,대상홀딩스우
036480,대성미생물
128820,대성산업
117580,대성에너지
025440,대성엘텍
027830,대성창투
104040,대성파인텍
016710,대성홀딩스
332290,대신밸런스제7호스팩
336570,대신밸런스제8호스팩
369370,대신밸런스제9호스팩
020180,대신정보통신
003540,대신증권
003547,대신증권2우B
003545,대신증권우
045390,대아티아이
009190,대양금속
108380,대양전기공업
006580,대양제지
014160,대영포장
047040,대우건설
009320,대우부품
042660,대우조선해양
003090,대웅
069620,대웅제약
007680,대원
000430,대원강업
048910,대원미디어
005710,대원산업
006340,대원전선
006345,대원전선우
003220,대원제약
024890,대원화성
290380,대유
002880,대유에이텍
290120,대유에이피
000300,대유플러스
120240,대정화금
003310,대주산업
114920,대주이엔티
078600,대주전자재료
012800,대창
015230,대창단조
096350,대창솔루션
140520,대창스틸
131220,대한과학
010170,대한광통신
060900,대한그린파워
054670,대한뉴팜
001070,대한방직
023910,대한약품
006650,대한유화
001440,대한전선
084010,대한제강
001790,대한제당
001795,대한제당우
001130,대한제분
003490,대한항공
003495,대한항공우
005880,대한해운
003830,대한화섬
016090,대현
069460,대호에이엘
021040,대호특수강
021045,대호특수강우
067080,대화제약
298540,더네이쳐홀딩스
192080,더블유게임즈
299170,더블유에스아이
012510,더존비즈온
302920,더콘텐츠온
213420,덕산네오룩스
317330,덕산테코피아
077360,덕산하이메탈
004830,덕성
004835,덕성우
090410,덕신하우징
024900,덕양산업
263600,덕우전자
194480,데브시스터즈
348840,데이드림엔터
263800,데이타솔루션
199150,데이터스트림즈
206560,덱스터
261200,덴티스
145720,덴티움
227420,도부마스크
067990,도이치모터스
002150,도화엔지니어링
006620,동구바이오제약
100130,동국S&C
005160,동국산업
075970,동국알앤에스
001230,동국제강
086450,동국제약
023450,동남합성
004140,동방
099410,동방선기
007590,동방아그로
005960,동부건설
005965,동부건설우
026960,동서
002210,동성제약
102260,동성코퍼레이션
033500,동성화인텍
005190,동성화학
025950,동신건설
000640,동아쏘시오홀딩스
170900,동아에스티
088130,동아엘텍
028100,동아지질
282690,동아타이어
041930,동아화성
001520,동양
001527,동양2우B
001529,동양3우B
084670,동양고속
082640,동양생명
060380,동양에스텍
001525,동양우
079960,동양이엔피
008970,동양철관
228340,동양파일
092780,동양피스톤
088910,동우팜투테이블
094170,동운아나텍
049770,동원F&B
013120,동원개발
018500,동원금속
006040,동원산업
030720,동원수산
014820,동원시스템즈
014825,동원시스템즈우
163560,동일고무벨트
109860,동일금속
032960,동일기연
004890,동일산업
002690,동일제강
023790,동일철강
005290,동진쎄미켐
025900,동화기업
000020,동화약품
000150,두산
000157,두산2우B
241560,두산밥캣
000155,두산우
042670,두산인프라코어
034020,두산중공업
336260,두산퓨얼셀
33626K,두산퓨얼셀1우
33626L,두산퓨얼셀2우B
016740,두올
073190,듀오백
176750,듀켐바이오
030350,드래곤플라이
203650,드림시큐리티
223250,드림씨아이에스
060570,드림어스컴퍼니
192650,드림텍
217620,디딤
187870,디바이스이엔지
066670,디스플레이텍
024090,디씨엠
003160,디아이
092200,디아이씨
110990,디아이티
263690,디알젬
214680,디알텍
263720,디앤씨미디어
109740,디에스케이
033430,디에스티
131030,디에이치피코리아
196490,디에이테크놀로지
066900,디에이피
127120,디엔에이링크
092070,디엔에프
134580,디엠티
039840,디오
013570,디와이
210540,디와이파워
104460,디와이피엔에프
079810,디이엔티
227100,디자인
113810,디젠스
043360,디지아이
197140,디지캡
106520,디지탈옵틱
068930,디지털대성
033130,디지틀조선
105740,디케이락
263020,디케이앤디
290550,디케이티
007340,디티알오토모티브
187220,디티앤씨
026890,디피씨
163430,디피코
131180,딜리
317120,라닉스
042510,라온시큐어
232680,라온테크
300120,라온피플
171120,라이온켐텍
069540,라이트론
285770,라이프사이언스테크놀로지
347700,라이프시맨틱스
214260,라파스
115390,락앤락
200350,래몽래인
171010,램테크놀러지
084650,랩지노믹스
217500,러셀
092590,럭스피아
033600,럭슬
141080,레고켐바이오
060300,레드로버
038390,레드캡투어
294140,레몬
228670,레이
228850,레이언스
281740,레이크머티리얼즈
277810,레인보우로보틱스
179720,렌딩머신
215100,로보로보
090360,로보스타
238500,로보쓰리
108490,로보티즈
900260,로스웰
067730,로지시스
071280,로체시스템즈
032350,롯데관광개발
330590,롯데리츠
000400,롯데손해보험
023530,롯데쇼핑
004000,롯데정밀화학
286940,롯데정보통신
280360,롯데제과
004990,롯데지주
00499K,롯데지주우
005300,롯데칠성
005305,롯데칠성우
011170,롯데케미칼
002270,롯데푸드
071840,롯데하이마트
038060,루멘스
162120,루켄테크놀러지스
253610,루트락
085370,루트로닉
08537M,루트로닉3우C
060240,룽투코리아
058470,리노공업
039980,리노스
019570,리더스 기술투자
016100,리더스코스메틱
012700,리드코프
302550,리메드
029480,릭스솔루션
277070,린드먼아시아
042500,링네트
219420,링크제니시스
027740,마니커
195500,마니커에프앤지
222810,마이더스AI
305090,마이크로디지탈
098120,마이크로컨텍솔
147760,마이크로프랜드
038290,마크로젠
204320,만도
001080,만호제강
267980,매일유업
005990,매일홀딩스
127160,매직마이크로
093520,매커스
141070,맥스로텍
088980,맥쿼리인프라
094800,맵스리얼티1
100590,머큐리
067280,멀티캠퍼스
072870,메가스터디
215200,메가스터디교육
133750,메가엠디
235980,메드팩토
200580,메디쎄이
041920,메디아나
233250,메디안디노스틱
014100,메디앙스
236340,메디젠휴먼케어
054180,메디콕스
086900,메디톡스
078160,메디포스트
065650,메디프론
138040,메리츠금융지주
008560,메리츠증권
000060,메리츠화재
021880,메이슨캐피탈
140410,메지온
241770,메카로
090370,메타랩스
059210,메타바이오메드
058110,멕아이씨에스
096640,멜파스
017180,명문제약
257370,명성티엔에스
009900,명신산업
267060,명진홀딩스
012690,모나리자
005360,모나미
080420,모다이노칩
080160,모두투어
204210,모두투어리츠
100030,모바일리더
087260,모바일어플라이언스
101330,모베이스
012860,모베이스전자
348030,모비릭스
250060,모비스
033200,모아텍
009680,모토닉
118990,모트렉스
006920,모헨즈
009580,무림P&P
001810,무림SP
009200,무림페이퍼
322970,무진메디
033920,무학
008420,문배철강
279600,미디어젠
095500,미래나노텍
025560,미래산업
218150,미래생명자원
007120,미래아이앤지
353490,미래에셋대우스팩 5호
328380,미래에셋대우스팩3호
333430,미래에셋대우스팩4호
357250,미래에셋맵스리츠
100790,미래에셋벤처투자
085620,미래에셋생명
006800,미래에셋증권
00680K,미래에셋증권2우B
006805,미래에셋증권우
208890,미래엔에듀파트너
049950,미래컴퍼니
213090,미래테크놀로지
207760,미스터블루
225850,미애부
002840,미원상사
268280,미원에스씨
107590,미원홀딩스
134380,미원화학
003650,미창석유
059090,미코
214610,미코바이오메드
201490,미투온
950190,미투젠
214180,민앤지
155900,바다로19호
206640,바디텍메드
018700,바른손
035620,바른손이앤에이
064520,바른전자
053030,바이넥스
301300,바이브컴퍼니
064550,바이오니아
314930,바이오다인
208710,바이오로그디바이스
142760,바이오리더스
086820,바이오솔루션
038460,바이오스마트
281310,바이오시네틱스
266470,바이오인프라생명과학
086040,바이오톡스텍
199290,바이오프로테크
032980,바이온
222160,바이옵트로
043150,바텍
323990,박셀바이오
003610,방림
267790,배럴
001340,백광산업
046310,백금T&A
035150,백산
066410,버킷스튜디오
002410,범양건영
206400,베노홀딩스
019010,베뉴지
177350,베셀
299910,베스파
096300,베트남개발1
007210,벽산
225530,보광산업
250000,보라티알
002760,보락
003850,보령제약
006910,보성파워텍
000890,보해양조
226340,본느
206950,볼빅
003000,부광약품
001270,부국증권
001275,부국증권우
026940,부국철강
014470,부방
015350,부산가스
011390,부산산업
005030,부산주공
008470,부스타
338220,뷰노
100120,뷰웍스
337930,브랜드엑스코퍼레이션
064480,브리지텍
288330,브릿지바이오테라퓨틱스
251630,브이원텍
018290,브이티지엠피
263920,블러썸엠앤씨
033560,블루콤
126340,비나텍
121800,비덴트
148140,비디아이
082800,비보존 헬스케어
318410,비비씨
002070,비비안
100220,비상교육
200780,비씨월드제약
141000,비아트론
090460,비에이치
083650,비에이치아이
215050,비엔디생활건강
086670,비엠티
335890,비올
138580,비즈니스온
082920,비츠로셀
054220,비츠로시스
042370,비츠로테크
030790,비케이탑스
032850,비트컴퓨터
148780,비플라이소프트
238200,비피도
093190,빅솔론
065450,빅텍
210120,빅텐츠
005180,빙그레
072950,빛샘전자
266170,뿌리깊은나무들
143240,사람인에이치알
003960,사조대림
008040,사조동아원
007160,사조산업
014710,사조씨푸드
006090,사조오양
100090,삼강엠앤티
122350,삼기
014970,삼륭물산
018310,삼목에스폼
053700,삼보모터스
009620,삼보산업
023600,삼보판지
111870,삼본전자
001470,삼부토건
006400,삼성SDI
006405,삼성SDI우
006660,삼성공조
028260,삼성물산
02826K,삼성물산우B
207940,삼성바이오로직스
032830,삼성생명
291230,삼성스팩2호
018260,삼성에스디에스
028050,삼성엔지니어링
009150,삼성전기
009155,삼성전기우
005930,삼성전자
005935,삼성전자우
001360,삼성제약
010140,삼성중공업
010145,삼성중공우
016360,삼성증권
068290,삼성출판사
029780,삼성카드
000810,삼성화재
000815,삼성화재우
006110,삼아알미늄
009300,삼아제약
145990,삼양사
145995,삼양사우
003230,삼양식품
225190,삼양옵틱스
002170,삼양통상
272550,삼양패키징
000070,삼양홀딩스
000075,삼양홀딩스우
002810,삼영무역
054540,삼영엠텍
065570,삼영이엔씨
005680,삼영전자
003720,삼영화학
023000,삼원강재
004380,삼익THK
002450,삼익악기
032280,삼일
002290,삼일기업공사
004440,삼일씨엔에스
000520,삼일제약
009770,삼정펄프
037460,삼지전자
032750,삼진
054090,삼진엘앤디
005500,삼진제약
000250,삼천당제약
004690,삼천리
024950,삼천리자전거
038500,삼표시멘트
017480,삼현철강
010960,삼호개발
046390,삼화네트웍스
004450,삼화왕관
009470,삼화전기
011230,삼화전자
001820,삼화콘덴서
000390,삼화페인트
027580,상보
038540,상상인
307870,상상인이안1호스팩
329560,상상인이안제2호스팩
101000,상상인인더스트리
001290,상상인증권
041650,상신브레이크
091580,상신이디피
263810,상신전자
089980,상아프론테크
042940,상지카일룸
042600,새로닉스
075180,새론오토모티브
263540,샘코
007540,샘표
248170,샘표식품
294630,서남
038070,서린바이오
006730,서부T&D
079650,서산
100660,서암기계공업
007860,서연
200880,서연이화
019770,서연탑메탈
017390,서울가스
043710,서울리거
092190,서울바이오시스
046890,서울반도체
004410,서울식품
004415,서울식품우
063170,서울옥션
027040,서울전자통신
018680,서울제약
021050,서원
093920,서원인텍
189860,서전기전
178320,서진시스템
122690,서진오토모티브
140070,서플러스글로벌
011370,서한
065710,서호전기
008490,서흥
035890,서희건설
357550,석경에이티
003100,선광
123420,선데이토즈
007610,선도전기
067370,선바이오
171090,선익시스템
136490,선진
086710,선진뷰티사이언스
014620,성광벤드
037350,성도이엔지
014910,성문전자
014915,성문전자우
003080,성보화학
004980,성신양회
004985,성신양회우
011300,성안
081580,성우전자
045300,성우테크론
015750,성우하이텍
000180,성창기업지주
080470,성창오토텍
043260,성호전자
148150,세경하이테크
002420,세기상사
053060,세동
017510,세명전기
214310,세미콘라이트
004360,세방
004365,세방우
004490,세방전지
011560,세보엠이씨
001430,세아베스틸
306200,세아제강
003030,세아제강지주
019440,세아특수강
058650,세아홀딩스
013000,세우글로벌
100700,세운메디칼
234100,세원
024830,세원물산
091090,세원셀론텍
021820,세원정공
067830,세이브존I&C
033530,세종공업
258830,세종메디칼
036630,세종텔레콤
039310,세중
075580,세진중공업
067770,세진티에스
053450,세코닉스
234340,세틀뱅크
027970,세하
145210,세화아이엠씨
252500,세화피앤씨
347000,센코
308170,센트랄모텍
051980,센트럴바이오
012600,센트럴인사이트
331920,셀레믹스
049180,셀루메드
299660,셀리드
268600,셀리버리
108860,셀바스AI
208370,셀바스헬스케어
258250,셀젠텍
068270,셀트리온
068760,셀트리온제약
091990,셀트리온헬스케어
290690,소룩스
053110,소리바다
950200,소마젠(Reg.S)
032680,소프트센
032685,소프트센우
258790,소프트캠프
066910,손오공
043100,솔고바이오
336370,솔루스첨단소재
33637K,솔루스첨단소재1우
33637L,솔루스첨단소재2우B
154040,솔루에타
248070,솔루엠
035610,솔본
357780,솔브레인
036830,솔브레인홀딩스
304100,솔트룩스
004430,송원산업
086980,쇼박스
050960,수산아이앤티
017550,수산중공업
084180,수성이노베이션
253840,수젠텍
185190,수프로
058530,슈펙스비앤피
236200,슈프리마
317770,슈프리마아이디
094840,슈프리마에이치큐
192440,슈피겐코리아
099440,스맥
053210,스카이라이프
033790,스카이문스테크놀로지
131100,스카이이앤엠
159910,스킨앤스킨
158310,스타모빌리티
115570,스타플렉스
258540,스템랩
253450,스튜디오드래곤
204630,스튜디오산타클로스
013810,스페코
039670,스포츠서울
049830,승일
020710,시공테크
033170,시그네틱스
260870,시그넷이브이
048870,시너지이노베이션
025320,시노펙스
134790,시디즈
269620,시스웍
131090,시큐브
232830,시큐센
139050,시티랩스
016590,신대양제지
290520,신도기연
029530,신도리코
004970,신라교역
001000,신라섬유
025870,신라에스지
215600,신라젠
065350,신성델타테크
011930,신성이엔지
005390,신성통상
004170,신세계
035510,신세계 I&C
034300,신세계건설
031430,신세계인터내셔날
031440,신세계푸드
006880,신송홀딩스
002800,신신제약
323280,신영스팩5호
344050,신영스팩6호
005800,신영와코루
001720,신영증권
001725,신영증권우
009270,신원
009275,신원우
017000,신원종합개발
002700,신일전자
012790,신일제약
138070,신진에스엠
226330,신테카바이오
019170,신풍제약
019175,신풍제약우
002870,신풍제지
293940,신한알파리츠
333050,신한제6호스팩
366330,신한제7호스팩
055550,신한지주
001770,신화실업
056700,신화인터텍
187270,신화콘텍
004080,신흥
243840,신흥에스이씨
108320,실리콘웍스
222800,심텍
036710,심텍홀딩스
160980,싸이맥스
356890,싸이버원
217330,싸이토젠
102280,쌍방울
003410,쌍용C&E
010280,쌍용정보통신
003620,쌍용차
004770,써니전자
217320,썬테크
208640,썸에이지
222420,쎄노텍
037760,쎄니트
136510,쎄미시스코
099320,쎄트렉아이
015540,쎌마테라퓨틱스
049960,쎌바이오텍
050890,쏠리드
066790,씨씨에스
222080,씨아이에스
004920,씨아이테크
236030,씨알푸드
103660,씨앗
245450,씨앤에스링크
264660,씨앤지하이테크
352700,씨앤투스성진
297090,씨에스베어링
112610,씨에스윈드
286000,씨엔티드림
115530,씨엔플러스
225330,씨엠에스에듀
115480,씨유메디칼
189330,씨이랩
096530,씨젠
900120,씨케이에이치
101240,씨큐브
060590,씨티씨바이오
260930,씨티케이코스메틱스
013990,아가방컴퍼니
123860,아나패스
025980,아난티
008700,아남전자
050320,아래스
058220,아리온
125210,아모그린텍
002790,아모레G
00279K,아모레G3우(전환)
002795,아모레G우
090430,아모레퍼시픽
090435,아모레퍼시픽우
052710,아모텍
074430,아미노로직스
092040,아미코젠
083930,아바코
149950,아바텍
036010,아비코전자
002030,아세아
183190,아세아시멘트
002310,아세아제지
050860,아세아텍
246720,아스타
067390,아스트
127710,아시아경제
267850,아시아나IDT
020560,아시아나항공
154030,아시아종묘
227610,아우딘퓨쳐스
143160,아이디스
054800,아이디스홀딩스
332370,아이디피
122900,아이마켓코리아
339950,아이비김영
099190,아이센스
289010,아이스크림에듀
214430,아이쓰리시스템
040910,아이씨디
068940,아이씨케이
052860,아이앤씨
010780,아이에스동서
069920,아이에스이커머스
038880,아이에이
123010,아이에이네트웍스
307180,아이엘사이언스
101390,아이엠
090740,아이엠이연이
226350,아이엠텍
078860,아이오케이
114810,아이원스
031310,아이즈비전
185490,아이진
059100,아이컴포넌트
149010,아이케이세미콘
262840,아이퀘스트
175250,아이큐어
052460,아이크래프트
119830,아이텍
052770,아이톡시
124500,아이티센
084850,아이티엠반도체
223220,아이피몬스터
027360,아주IB투자
032080,아즈텍WB
013310,아진산업
059120,아진엑스텍
158430,아톤
149300,아퓨어스
067160,아프리카TV
001540,안국약품
053800,안랩
251280,안지오랩
065660,안트로젠
297570,알로이스
001780,알루코
260660,알리코제약
131370,알서포트
140670,알에스오토메이션
096610,알에프세미
061040,알에프텍
148250,알엔투테크놀로지
347860,알체라
196170,알테오젠
123750,알톤스포츠
085810,알티캐스트
117670,알파홀딩스
291650,압타머사이언스
293780,압타바이오
267810,앙츠
018250,애경산업
161000,애경유화
196300,애니젠
310200,애니플러스
179530,애드바이오텍
205500,액션스퀘어
052790,액토즈소프트
131400,액트
290740,액트로
238090,앤디포스
092600,앤씨앤
129890,앱코
174900,앱클론
255440,야스
030960,양지사
102120,어보브반도체
238120,얼라인드
224810,엄지하우스
019990,에너토크
011090,에넥스
270660,에브리봇
038680,에스넷
217480,에스디생명공학
121890,에스디시스템
097780,에스맥
042110,에스씨디
298060,에스씨엠생명과학
065420,에스아이리소스
270210,에스알바이오텍
103230,에스앤더블류
260970,에스앤디
900080,에스앤씨엔진그룹
101490,에스앤에스텍
095910,에스에너지
275630,에스에스알
031330,에스에이엠티
060540,에스에이티
158300,에스에이티이엔지
056190,에스에프에이
080000,에스엔유
086460,에스엔피제네틱스
005850,에스엘
246250,에스엘에스바이오
041510,에스엠
299670,에스엠비나
007820,에스엠코어
109610,에스와이
012750,에스원
306040,에스제이그룹
080440,에스제이케이
217910,에스제이켐
224020,에스케이씨에스
096630,에스코넥
069510,에스텍
041910,에스텍파마
234300,에스트래픽
039440,에스티아이
098660,에스티오
052020,에스티큐브
237690,에스티팜
050760,에스폴리텍
288620,에스퓨얼셀
317830,에스피시스템스
058610,에스피지
043340,에쎈테크
023960,에쓰씨엔지니어링
298690,에어부산
054630,에이디칩스
200710,에이디테크놀로지
096690,에이루트
140910,에이리츠
078520,에이블씨엔씨
298380,에이비엘바이오
203400,에이비온
195990,에이비프로바이오
003800,에이스침대
322190,에이스캠퍼
088800,에이스테크
241840,에이스토리
138360,에이씨티
039230,에이아이비트
312610,에이에프더블류
015260,에이엔피
234070,에이원알폼
102210,에이치디
072990,에이치시티
044990,에이치엔에스하이텍
176440,에이치엔티
028300,에이치엘비
067630,에이치엘비생명과학
047920,에이치엘비제약
043220,에이치엘비파워
239610,에이치엘사이언스
353070,에이치엠씨제4호스팩
353060,에이치엠씨제5호스팩
044780,에이치케이
071670,에이테크솔루션
045660,에이텍
224110,에이텍티앤
230980,에이트원
021080,에이티넘인베스트
089530,에이티세미콘
200470,에이팩트
073070,에이팸
207490,에이펙스인텍
262260,에이프로
109960,에이프로젠 H&G
007460,에이프로젠 KIC
003060,에이프로젠제약
244920,에이플러스에셋
089970,에이피티씨
230240,에치에프알
064510,에코마이스터
230360,에코마케팅
038870,에코바이오
128540,에코캡
086520,에코프로
247540,에코프로비엠
038110,에코플라스틱
073540,에프알텍
064850,에프앤가이드
064090,에프앤리퍼블릭
036810,에프에스티
173940,에프엔씨엔터
083500,에프엔에스테크
054940,엑사이엔씨
950130,엑세스바이오
205100,엑셈
070300,엑스큐어
092870,엑시콘
317870,엔바이오니아
067570,엔브이에이치코리아
236810,엔비티
140610,엔솔바이오사이언스
333620,엔시스
101400,엔시트론
036570,엔씨소프트
217820,엔에스
138250,엔에스쇼핑
031860,엔에스엔
238170,엔에스엠
224760,엔에스컴퍼니
310840,엔에이치스팩13호
353190,엔에이치스팩16호
359090,엔에이치스팩17호
365590,엔에이치스팩18호
265740,엔에프씨
354200,엔젠바이오
093510,엔지브이아이
208860,엔지스테크널러지
183490,엔지켐생명과학
085310,엔케이
182400,엔케이맥스
009810,엔케이물산
069410,엔텔스
227950,엔투텍
198080,엔피디
048830,엔피케이
096870,엘디티
276240,엘리비젼
900140,엘브이엠씨홀딩스
061970,엘비세미콘
138690,엘아이에스
290650,엘앤씨바이오
066970,엘앤에프
156100,엘앤케이바이오
311060,엘에이티
073110,엘엠에스
083310,엘오티베큠
297890,엘이티
037950,엘컴텍
170920,엘티씨
058630,엠게임
058970,엠로
019590,엠벤처투자
169330,엠브레인
097520,엠씨넥스
179290,엠아이텍
225860,엠앤씨생명과학
009780,엠에스씨
123040,엠에스오토텍
323230,엠에프엠코리아
032790,엠젠플러스
033160,엠케이전자
347890,엠투아이
033310,엠투엔
259630,엠플러스
115960,연우
060850,영림원소프트랩
014440,영보화학
007530,영신금속
143540,영우디에스피
111770,영원무역
009970,영원무역홀딩스
003520,영진약품
000670,영풍
036560,영풍정밀
006740,영풍제지
012280,영화금속
265560,영화테크
012160,영흥
036000,예림당
250930,예선테크
053280,예스24
015360,예스코홀딩스
122640,예스티
900300,오가닉티코스메틱
045060,오공
080520,오디텍
007310,오뚜기
039830,오로라
322310,오로스테크놀로지
046120,오르비텍
014940,오리엔탈정공
002630,오리엔트바이오
065500,오리엔트정공
271560,오리온
001800,오리온홀딩스
010470,오리콤
053980,오상자이엘
052420,오성첨단소재
241790,오션브릿지
329020,오션스톤
039200,오스코텍
226400,오스테오닉
031510,오스템
048260,오스템임플란트
138080,오이솔루션
080580,오킨스전자
067170,오텍
173130,오파스넷
049480,오픈베이스
309930,오하임아이엔티
244460,올리패스
226950,올릭스
057540,옴니시스템
082210,옵트론텍
109080,옵티시스
153710,옵티팜
321820,와이더플래닛
122990,와이솔
232140,와이아이케이
065530,와이어블
067900,와이엔텍
155650,와이엠씨
251370,와이엠티
066430,와이오엠
193250,와이제이엠게임즈
273060,와이즈버즈
019210,와이지-원
122870,와이지엔터테인먼트
332570,와이팜
079000,와토스코리아
070960,용평리조트
114630,우노앤컴퍼니
316140,우리금융지주
033660,우리금융캐피탈
032820,우리기술
041190,우리기술투자
115440,우리넷
004720,우리들제약
118000,우리들휴브레인
046970,우리로
082850,우리바이오
215360,우리산업
072470,우리산업홀딩스
073560,우리손에프앤지
153490,우리이앤엘
037400,우리조명
010050,우리종금
101170,우림기계
006980,우성사료
066590,우수AMS
017370,우신시스템
103840,우양
046940,우원개발
215380,우정바이오
065680,우주일렉트로
105840,우진
018620,우진비앤지
010400,우진아이엔에스
049800,우진플라임
016880,웅진
095720,웅진씽크빅
005820,원림
307280,원바이오젠
053080,원방테크
032940,원익
240810,원익IPS
074600,원익QnC
104830,원익머트리얼즈
014190,원익큐브
030530,원익홀딩스
012620,원일특강
216280,원텍
122830,원포유
008370,원풍
008290,원풍물산
101160,월덱스
095270,웨이브일렉트로
010600,웰바이오텍
065950,웰크론
076080,웰크론한텍
196700,웹스
069080,웹젠
053580,웹케시
071460,위니아딤채
044340,위닉스
330350,위더스제약
348350,위드텍
112040,위메이드
065370,위세아이텍
140660,위월드
038620,위즈코프
299900,위지윅스튜디오
036090,위지트
136540,윈스
320000,윈텍
097800,윈팩
192390,윈하이텍
313760,윌링스
008600,윌비스
900340,윙입푸드
033270,유나이티드제약
014830,유니드
036200,유니셈
018000,유니슨
000910,유니온
047400,유니온머티리얼
203450,유니온커뮤니티
011330,유니켐
077500,유니퀘스트
011320,유니크
086390,유니테스트
241690,유니테크노
142210,유니트론텍
121060,유니포인트
048430,유라테크
206650,유바이오로직스
089850,유비벨록스
084440,유비온
032620,유비케어
264450,유비쿼스
078070,유비쿼스홀딩스
002920,유성기업
024800,유성티엔에스
000700,유수홀딩스
054930,유신
069330,유아이디
049520,유아이엘
313750,유안타제4호스팩
336060,유안타제5호스팩
340360,유안타제6호스팩
367460,유안타제7호스팩
367480,유안타제8호스팩
003470,유안타증권
003475,유안타증권우
056090,유앤아이
011690,유양디앤유
263770,유에스티
337840,유엑스엔
072130,유엔젤
000220,유유제약
000225,유유제약1우
000227,유유제약2우B
340930,유일에너테크
023410,유진기업
056080,유진로봇
321260,유진스팩4호
331380,유진스팩5호
373340,유진스팩6호
084370,유진테크
001200,유진투자증권
178780,유테크
221800,유투바이오
179900,유티아이
263050,유틸렉스
000100,유한양행
000105,유한양행우
003460,유화증권
003465,유화증권우
191410,육일씨엔에쓰
008730,율촌화학
072770,율호
008250,이건산업
039020,이건홀딩스
025820,이구산업
060230,이그잭스
067920,이글루시큐리티
044960,이글벳
302430,이노메트리
279060,이노벡스
214320,이노션
073490,이노와이어리스
086250,이노와이즈
215790,이노인스트루먼트
344860,이노진
246960,이노테라피
088390,이녹스
272290,이녹스첨단소재
053350,이니텍
258610,이더블유케이
336040,이도바이오
215090,이디티
041520,이라이콤
264850,이랜시스
054210,이랜텍
164060,이루다
065440,이루온
088260,이리츠코크렙
139480,이마트
115610,이미지스
349720,이베스트스팩5호
323210,이베스트이안스팩1호
078020,이베스트투자증권
208850,이비테크
080010,이상네트웍스
086890,이수앱지스
007660,이수페타시스
005950,이수화학
015020,이스타코
047560,이스트소프트
900110,이스트아시아홀딩스
270020,이십일스토어
067010,이씨에스
093230,이아이디
341310,이앤에치
052190,이에스에이
101360,이엔드디
102710,이엔에프테크놀로지
066980,이엔코퍼레이션
074610,이엔플러스
063760,이엘피
087730,이엠네트웍스
123570,이엠넷
083470,이엠앤아이
095190,이엠코리아
091120,이엠텍
232530,이엠티
102460,이연제약
039030,이오테크닉스
294090,이오플로우
088290,이원컴포텍
084680,이월드
181340,이즈미디어
353810,이지바이오
350520,이지스레지던스리츠
334890,이지스밸류리츠
099750,이지케어텍
035810,이지홀딩스
160600,이큐셀
092130,이크레더블
096040,이트론
134060,이퓨쳐
001840,이화공영
000760,이화산업
024810,이화전기
014990,인디에프
041830,인바디
352940,인바이오
101140,인바이오젠
216400,인바이츠바이오코아
079950,인베니아
277410,인산가
060150,인선이엔티
033230,인성정보
006490,인스코비
037330,인지디스플레
023800,인지컨트롤스
034590,인천도시가스
211050,인카금융서비스
083640,인콘
216050,인크로스
049070,인탑스
119610,인터로조
017250,인터엠
129260,인터지스
240340,인터코스
035080,인터파크
051370,인터플렉스
064290,인텍플러스
189300,인텔리안테크
150840,인트로메딕
048530,인트론바이오
023810,인팩
175140,인포마크
115310,인포바인
039290,인포뱅크
071200,인피니트헬스케어
101930,인화정공
249420,일동제약
000230,일동홀딩스
013360,일성건설
003120,일성신약
068330,일신바이오
003200,일신방직
007110,일신석재
058450,일야
007570,일양약품
007575,일양약품우
008500,일정실업
019540,일지테크
081000,일진다이아
020760,일진디스플
020150,일진머티리얼즈
103590,일진전기
094820,일진파워
015860,일진홀딩스
226320,잇츠한불
950140,잉글우드랩
049550,잉크테크
254120,자비스
221610,자안
043910,자연과환경
234920,자이글
289220,자이언트스텝
317400,자이에스앤디
033240,자화전자
174880,장원테크
049630,재영솔루텍
000950,전방
120780,전우정밀
110020,전진바이오팜
208140,정다운
022220,정산애강
040420,정상제이엘에스
045510,정원엔시스
065620,제낙스
217190,제너셈
095700,제넥신
072520,제넨바이오
122310,제노레이
361390,제노코
066830,제노텍
187420,제노포커스
225220,제놀루션
123330,제닉
159580,제로투세븐
147830,제룡산업
033100,제룡전기
079370,제우스
054950,제이브이엠
090470,제이스텍
287410,제이시스메디칼
137950,제이씨케미칼
033320,제이씨현시스템
348950,제이알글로벌리츠
204270,제이앤티씨
194370,제이에스코퍼레이션
026040,제이에스티나
126880,제이엔케이히터
322510,제이엘케이
033050,제이엠아이
094970,제이엠티
058420,제이웨이
025620,제이준코스메틱
036420,제이콘텐트리
089790,제이티
030000,제일기획
052670,제일바이오
271980,제일약품
001560,제일연마
199820,제일전기공업
023440,제일제강
038010,제일테크노스
002620,제일파마홀딩스
080220,제주반도체
006220,제주은행
089590,제주항공
216080,제테마
229000,젠큐릭스
082270,젬백스
064800,젬백스링크
041590,젬백스지오
044060,조광ILI
004910,조광페인트
004700,조광피혁
001550,조비
000480,조선내화
120030,조선선재
034940,조아제약
101730,조이맥스
067000,조이시티
018470,조일알미늄
002600,조흥
185750,종근당
063160,종근당바이오
001630,종근당홀딩스
033340,좋은사람들
036930,주성엔지니어링
044380,주연테크
239340,줌인터넷
072020,중앙백신
000440,중앙에너비스
228760,지노믹트리
314130,지놈앤컴퍼니
013890,지누스
043610,지니뮤직
263860,지니언스
303030,지니틱스
036180,지더블유바이텍
208350,지란지교시큐리티
114570,지스마트글로벌
299480,지앤이헬스케어
051160,지어소프트
053050,지에스이
119850,지엔씨에너지
270520,지엔원에너지
065060,지엔코
204840,지엘팜텍
013870,지엠비코리아
071320,지역난방공사
135160,지오씨
111820,지와이커머스
010580,지코
035000,지투알
115450,지트리비앤티
219750,지티지웰니스
088790,진도
018120,진로발효
109820,진매트릭스
086060,진바이오텍
036890,진성티이씨
003780,진양산업
007370,진양제약
010640,진양폴리
100250,진양홀딩스
051630,진양화학
272450,진에어
011000,진원생명과학
250030,진코스텍
002780,진흥기업
002787,진흥기업2우B
002785,진흥기업우B
233990,질경이
085660,차바이오텍
009310,참엔지니어링
094850,참좋은여행
004650,창해에탄올
311690,천랩
278280,천보
000650,천일고속
140290,청광건설
096240,청담러닝
013720,청보산업
066360,체리부로
033250,체시스
047820,초록뱀미디어
094360,칩스앤미디어
016920,카스
284620,카이노스메드
035720,카카오
293490,카카오게임즈
042000,카페24
006380,카프로
317530,캐리소프트
071850,캐스텍코리아
180400,캔서롭
050110,캠시스
109070,컨버즈
900310,컬러레이
078340,컴투스
307930,컴퍼니케이
263700,케어랩스
327970,케어룸의료산업
214370,케어젠
221980,케이디켐
043290,케이맥
317030,케이비17호스팩
001620,케이비아이동국실업
323940,케이비제18호스팩
330990,케이비제19호스팩
342550,케이비제20호스팩
192250,케이사인
029460,케이씨
344820,케이씨씨글라스
115500,케이씨에스
281820,케이씨텍
089150,케이씨티
025880,케이씨피드
093320,케이아이엔엑스
073010,케이에스피
105330,케이엔더블유
272110,케이엔제이
039420,케이엘넷
083550,케이엠
032500,케이엠더블유
225430,케이엠제약
145270,케이탑리츠
064820,케이프
347140,케이프이에스제4호
256940,케이피에스
024880,케이피에프
042040,케이피엠테크
054410,케이피티유
274090,켄코아에어로스페이스
217600,켐온
089010,켐트로닉스
220260,켐트로스
052400,코나아이
033110,코너스톤네트웍스
046070,코다코
047770,코데즈컴바인
078940,코드네이처
080530,코디
224060,코디엠
357120,코람코에너지리츠
078650,코렌
104540,코렌텍
027050,코리아나
290510,코리아센터
007815,코리아써우
007810,코리아써키트
00781K,코리아써키트2우B
190650,코리아에셋투자증권
101670,코리아에스이
123410,코리아에프티
003690,코리안리
036690,코맥스
049430,코메론
183300,코미코
041960,코미팜
089890,코세스
009730,코센
189350,코셋
082660,코스나인
192820,코스맥스
044820,코스맥스비티아이
222040,코스맥스엔비티
241710,코스메카코리아
005070,코스모신소재
005420,코스모화학
069110,코스온
071950,코아스
166480,코아스템
045970,코아시아
196450,코아시아옵틱스
029960,코엔텍
002020,코오롱
003070,코오롱글로벌
003075,코오롱글로벌우
144620,코오롱머티리얼
102940,코오롱생명과학
002025,코오롱우
120110,코오롱인더
120115,코오롱인더우
950160,코오롱티슈진
138490,코오롱플라스틱
021240,코웨이
033290,코웰패션
056360,코위버
282880,코윈테크
121850,코이즈
015710,코콤
052330,코텍
322780,코퍼스코리아
126600,코프라
200130,콜마비앤에이치
031820,콤텍시스템
192400,쿠쿠홀딩스
284740,쿠쿠홈시스
317690,퀀타매트릭스
060280,큐렉소
015590,큐로
040350,큐로컴
051780,큐로홀딩스
115180,큐리언트
043090,큐브앤컴퍼니
182360,큐브엔터
066310,큐에스아이
136660,큐엠씨
016600,큐캐피탈
264900,크라운제과
26490K,크라운제과우
005740,크라운해태홀딩스
005745,크라운해태홀딩스우
215570,크로넥스
043590,크로바하이텍
114120,크루셜텍
110790,크리스에프앤씨
900250,크리스탈신소재
083790,크리스탈지노믹스
045520,크린앤사이언스
036170,클라우드에어
214150,클래시스
352770,클리노믹스
237880,클리오
139670,키네마스터
020120,키다리스튜디오
311270,키움제5호스팩
039490,키움증권
012170,키위미디어그룹
054780,키이스트
219130,타이거일렉
180060,탑선
065130,탑엔지니어링
014580,태경비케이
015890,태경산업
006890,태경케미컬
023160,태광
003240,태광산업
011280,태림포장
053620,태양
004100,태양금속
004105,태양금속우
116100,태양기계
009410,태영건설
009415,태영건설우
044490,태웅
124560,태웅로직스
001420,태원물산
007980,태평양물산
191420,테고사이언스
073640,테라사이언스
182690,테라셈
066700,테라젠이텍스
095610,테스
131970,테스나
055490,테이팩스
308700,테크엔
089030,테크윙
258050,테크트랜스
054450,텔레칩스
091440,텔레필드
078000,텔코웨어
200230,텔콘RF제약
214420,토니모리
215480,토박스코리아
051360,토비스
045340,토탈소프트
108230,톱텍
079970,투비소프트
199800,툴젠
105550,트루윈
026150,특수건설
322180,티라유텍
117730,티로보틱스
033830,티비씨
057680,티사이언티픽
064760,티씨케이
246710,티앤알바이오팹
340570,티앤엘
277880,티에스아이
131290,티에스이
019180,티에이치엔
356860,티엘비
062860,티엘아이
363280,티와이홀딩스
36328K,티와이홀딩스우
321550,티움바이오
091810,티웨이항공
004870,티웨이홀딩스
191600,티케이씨
104480,티케이케미칼
309900,티티씨디펜스
081150,티플랙스
130740,티피씨글로벌
217880,틸론
084730,팅크웨어
046210,파나진
034230,파라다이스
033540,파라텍
043200,파루
214450,파마리서치
217950,파마리서치바이오
208340,파멥신
005690,파미셀
177830,파버나인
037070,파세코
150900,파수
037030,파워넷
047310,파워로직스
266870,파워풀엑스
170790,파이오링크
049120,파인디앤씨
038950,파인디지털
106240,파인테크닉스
131760,파인텍
065690,파커스
140860,파크시스템스
091700,파트론
038160,팍스넷
202960,판도라티비
032800,판타지오
318010,팜스빌
036580,팜스코
027710,팜스토리
225590,패션플랫폼
054300,팬스타엔터프라이즈
068050,팬엔터테인먼트
028670,팬오션
222110,팬젠
010820,퍼스텍
016800,퍼시스
263750,펄어비스
251970,펌텍코리아
001020,페이퍼코리아
327610,펨토바이오메드
087010,펩트론
090080,평화산업
010770,평화홀딩스
119500,포메탈
016670,포비스티앤씨
056730,포스링크
022100,포스코 ICT
058430,포스코강판
009520,포스코엠텍
047050,포스코인터내셔널
003670,포스코케미칼
189690,포시에스
318020,포인트모바일
256630,포인트엔지니어링
141020,포티스
354230,폭스소프트
041020,폴라리스오피스
007630,폴루스바이오팜
290720,푸드나무
005670,푸드웰
094940,푸른기술
007330,푸른저축은행
017810,풀무원
093380,풍강
023900,풍국주정
103140,풍산
005810,풍산홀딩스
195440,퓨전
214270,퓨쳐스트림네트웍스
220100,퓨쳐켐
035200,프럼파스트
334970,프레스티지바이오로직스
950210,프레스티지바이오파마
203690,프로스테믹스
303360,프로테옴텍
053610,프로텍
335810,프리시젼바이오
053160,프리엠스
075130,플랜티넷
222670,플럼라인생명과학
237820,플레이디
023770,플레이위드
300080,플리토
150440,피노텍
032580,피델릭스
051380,피씨디렉트
241820,피씨엘
237750,피앤씨테크
131390,피앤이솔루션
024850,피에스엠씨
319660,피에스케이
031980,피에스케이홀딩스
002230,피에스텍
043370,피에이치에이
242350,피엔아이컴퍼니
239890,피엔에이치테크
347740,피엔케이피부임상연구센타
137400,피엔티
128660,피제이메탈
006140,피제이전자
304840,피플바이오
062970,피피아이
087600,픽셀플러스
057880,필로시스헬스케어
033180,필룩스
161580,필옵틱스
347770,핌스
163730,핑거
332710,하나금융14호스팩
341160,하나금융15호스팩
343510,하나금융16호스팩
363260,하나금융17호스팩
086790,하나금융지주
299030,하나기술
067310,하나마이크론
372290,하나머스트7호스팩
307160,하나머스트제6호스팩
166090,하나머티리얼즈
293480,하나제약
039130,하나투어
136480,하림
003380,하림지주
172580,하이골드12호
153360,하이골드3호
149980,하이로닉
013030,하이록코리아
352820,하이브
126700,하이비젼시스템
106080,하이소닉
071090,하이스틸
340120,하이제5호스팩
221840,하이즈항공
106190,하이텍팜
019490,하이트론
000080,하이트진로
000087,하이트진로2우B
000140,하이트진로홀딩스
000145,하이트진로홀딩스우
066130,하츠
368770,한국9호스팩
152550,한국ANKOR유전
004590,한국가구
036460,한국가스공사
039340,한국경제TV
005430,한국공항
071050,한국금융지주
071055,한국금융지주우
034950,한국기업평가
010040,한국내화
025540,한국단자
222980,한국맥널티
331660,한국미라클피플사
318000,한국바이오젠
256840,한국비엔씨
004090,한국석유
025550,한국선재
002200,한국수출포장
002960,한국쉘석유
023890,한국아트라스비엑스
017890,한국알콜
000240,한국앤컴퍼니
080720,한국유니온제약
123890,한국자산신탁
015760,한국전력
063570,한국전자금융
041460,한국전자인증
006200,한국전자홀딩스
101680,한국정밀기계
039740,한국정보공학
053300,한국정보인증
025770,한국정보통신
310870,한국제8호스팩
009540,한국조선해양
023350,한국종합기술
025890,한국주강
000970,한국주철관
104700,한국철강
017960,한국카본
023760,한국캐피탈
054040,한국컴퓨터
050540,한국코퍼레이션
161890,한국콜마
024720,한국콜마홀딩스
021650,한국큐빅
161390,한국타이어앤테크놀로지
053590,한국테크놀로지
034830,한국토지신탁
007280,한국특수형강
032300,한국파마
168490,한국패러랠
037230,한국팩키지
010100,한국프랜지
047810,한국항공우주
123690,한국화장품
003350,한국화장품제조
030520,한글과컴퓨터
052600,한네트
011500,한농화성
002390,한독
256150,한독크린텍
014790,한라
092460,한라IMS
060980,한라홀딩스
053690,한미글로벌
042700,한미반도체
008930,한미사이언스
128940,한미약품
047080,한빛소프트
009240,한샘
020000,한섬
003680,한성기업
105630,한세실업
069640,한세엠케이
016450,한세예스24홀딩스
010420,한솔PNS
009180,한솔로지스틱스
070590,한솔인티큐브
213500,한솔제지
014680,한솔케미칼
004710,한솔테크닉스
004150,한솔홀딩스
025750,한솔홈데코
226440,한송네오텍
042520,한스바이오메드
004960,한신공영
011700,한신기계
078350,한양디지텍
045100,한양이엔지
001750,한양증권
001755,한양증권우
018880,한온시스템
009420,한올바이오파마
014130,한익스프레스
046110,한일네트웍스
024740,한일단조
005860,한일사료
300720,한일시멘트
123840,한일진공
002220,한일철강
006390,한일현대시멘트
003300,한일홀딩스
007770,한일화학
051600,한전KPS
052690,한전기술
130660,한전산업
107640,한중엔시에스
002320,한진
097230,한진중공업
003480,한진중공업홀딩스
180640,한진칼
18064K,한진칼우
005110,한창
079170,한창산업
009460,한창제지
086960,한컴MDS
054920,한컴위드
002680,한탑
066110,한프
000880,한화
00088K,한화3우B
088350,한화생명
000370,한화손해보험
009830,한화솔루션
009835,한화솔루션우
272210,한화시스템
317320,한화에스비아이스팩
012450,한화에어로스페이스
000885,한화우
003530,한화투자증권
003535,한화투자증권우
340440,한화플러스제1호스팩
220630,해마로푸드서비스
195870,해성디에스
034810,해성산업
076610,해성옵틱스
101530,해태제과식품
220180,핸디소프트
143210,핸즈코퍼레이션
008800,행남사
900270,헝셩그룹
084990,헬릭스미스
000720,현대건설
267270,현대건설기계
000725,현대건설우
170030,현대공업
005440,현대그린푸드
086280,현대글로비스
064350,현대로템
079430,현대리바트
012330,현대모비스
319400,현대무벡스
010620,현대미포조선
048410,현대바이오
052260,현대바이오랜드
069960,현대백화점
004560,현대비앤지스틸
004565,현대비앤지스틸우
016790,현대사료
004310,현대약품
322000,현대에너지솔루션
041440,현대에버다임
017800,현대엘리베이
307950,현대오토에버
011210,현대위아
090850,현대이지웰
267260,현대일렉트릭
004020,현대제철
267250,현대중공업지주
005380,현대차
005387,현대차2우B
005389,현대차3우B
005385,현대차우
001500,현대차증권
011760,현대코퍼레이션
227840,현대코퍼레이션홀딩스
039010,현대통신
126560,현대퓨처넷
001450,현대해상
057050,현대홈쇼핑
092300,현우산업
053660,현진소재
011080,형지I&C
093240,형지엘리트
003010,혜인
111110,호전실업
008770,호텔신라
008775,호텔신라우
060560,홈센타홀딩스
064240,홈캐스트
039610,화성밸브
002460,화성산업
378850,화승알앤에이
241590,화승엔터프라이즈
006060,화승인더
013520,화승코퍼레이션
010690,화신
126640,화신정공
133820,화인베스틸
061250,화일약품
010660,화천기계
000850,화천기공
016580,환인제약
032560,황금에스티
004800,효성
094280,효성ITX
097870,효성오앤비
298040,효성중공업
298050,효성첨단소재
298020,효성티앤씨
298000,효성화학
093370,후성
050090,휘닉스소재
081660,휠라홀딩스
290270,휴네시온
005870,휴니드
284420,휴럼
090710,휴림로봇
205470,휴마시스
115160,휴맥스
028080,휴맥스홀딩스
032860,휴먼엔
200670,휴메딕스
212310,휴벡셀
079980,휴비스
065510,휴비츠
005010,휴스틸
243070,휴온스
084110,휴온스글로벌
145020,휴젤
069260,휴켐스
024060,흥구석유
010240,흥국
189980,흥국에프엔비
000540,흥국화재
000547,흥국화재2우B
000545,흥국화재우
003280,흥아해운
037440,희림
238490,힘스
292340,마이티 200커버드콜ATM레버리지
159800,마이티 코스피100
361580,KBSTAR 200TR
285000,KBSTAR 200IT
287300,KBSTAR 200건설
287310,KBSTAR 200경기소비재
290080,KBSTAR 200고배당커버드콜ATM
284980,KBSTAR 200금융
287320,KBSTAR 200산업재
287330,KBSTAR 200생활소비재
252400,KBSTAR 200선물레버리지
252420,KBSTAR 200선물인버스2X
252410,KBSTAR 200선물인버스
284990,KBSTAR 200에너지화학
285010,KBSTAR 200중공업
148020,KBSTAR 200
285020,KBSTAR 200철강소재
315480,KBSTAR 200커뮤니케이션서비스
105780,KBSTAR 5대그룹주
290130,KBSTAR ESG사회책임투자
368200,KBSTAR Fn K-뉴딜디지털플러스
367760,KBSTAR Fn5G테크
367770,KBSTAR Fn수소경제테마
326240,KBSTAR IT플러스
270800,KBSTAR KQ고배당
307010,KBSTAR KRX300레버리지
319870,KBSTAR KRX300미국달러선물혼합
292050,KBSTAR KRX300
342600,KBSTAR KRX국채선물3년10년스티프너2X
342500,KBSTAR KRX국채선물3년10년스티프너
342620,KBSTAR KRX국채선물3년10년플래트너2X
342610,KBSTAR KRX국채선물3년10년플래트너
234310,KBSTAR V&S셀렉트밸류
241390,KBSTAR V&S셀렉트밸류채권혼합
300640,KBSTAR 게임테마
266160,KBSTAR 고배당
282000,KBSTAR 국고채3년선물인버스
114100,KBSTAR 국고채3년
295020,KBSTAR 국채선물10년인버스
295000,KBSTAR 국채선물10년
276650,KBSTAR 글로벌4차산업IT(합성 H)
375270,KBSTAR 글로벌데이터센터리츠나스닥(합성)
336160,KBSTAR 금융채액티브
326230,KBSTAR 내수주플러스
272560,KBSTAR 단기국공채액티브
196230,KBSTAR 단기통안채
315960,KBSTAR 대형고배당10TR
252730,KBSTAR 모멘텀로우볼
252720,KBSTAR 모멘텀밸류
379780,KBSTAR 미국S&P500
219390,KBSTAR 미국S&P원유생산기업(합성 H)
354240,KBSTAR 미국고정배당우선증권ICE TR
368590,KBSTAR 미국나스닥100
267490,KBSTAR 미국장기국채선물레버리지(합성 H)
267500,KBSTAR 미국장기국채선물인버스2X(합성 H)
267450,KBSTAR 미국장기국채선물인버스(H)
267440,KBSTAR 미국장기국채선물(H)
140570,KBSTAR 수출주
140580,KBSTAR 우량업종
379790,KBSTAR 유로스탁스50(H)
183710,KBSTAR 주식혼합
310080,KBSTAR 중국MSCI China선물(H)
174360,KBSTAR 중국본토대형주CSI100
136340,KBSTAR 중기우량회사채
281990,KBSTAR 중소형고배당
300280,KBSTAR 중소형모멘텀로우볼
300290,KBSTAR 중소형모멘텀밸류
272570,KBSTAR 중장기국공채액티브
250730,KBSTAR 차이나HSCEI(H)
291680,KBSTAR 차이나H선물인버스(H)
371150,KBSTAR 차이나항셍테크
183700,KBSTAR 채권혼합
278240,KBSTAR 코스닥150선물레버리지
275750,KBSTAR 코스닥150선물인버스
270810,KBSTAR 코스닥150
361590,KBSTAR 코스피ex200
302450,KBSTAR 코스피
334700,KBSTAR 팔라듐선물인버스(H)
334690,KBSTAR 팔라듐선물(H)
253280,KBSTAR 헬스케어
253290,KBSTAR 헬스케어채권혼합
225130,KINDEX 골드선물 레버리지(합성 H)
332930,HANARO 200TR
304780,HANARO 200선물레버리지
306520,HANARO 200선물인버스
293180,HANARO 200
368190,HANARO Fn K-뉴딜디지털플러스
367740,HANARO Fn5G산업
381560,HANARO Fn전기&수소차
381570,HANARO Fn친환경에너지
346000,HANARO KAP초장기국고채
304760,HANARO KRX300
332940,HANARO MSCI Korea TR
322400,HANARO e커머스
322410,HANARO 고배당
354350,HANARO 글로벌럭셔리S&P(합성)
314700,HANARO 농업융복합산업
306540,HANARO 단기통안채
306530,HANARO 코스닥150선물레버리지
304770,HANARO 코스닥150
375760,HANARO 탄소효율그린뉴딜
140950,파워 코스피100
152870,파워 200
192720,파워 고배당저변동성
176710,파워 중기국고채
137930,마이다스 200커버드콜5%OTM
310960,TIGER 200TR
227550,TIGER 200 산업재
227560,TIGER 200 생활소비재
102110,TIGER 200
243880,TIGER 200IT레버리지
252000,TIGER 200동일가중
267770,TIGER 200선물레버리지
252710,TIGER 200선물인버스2X
243890,TIGER 200에너지화학레버리지
315270,TIGER 200커뮤니케이션서비스
289480,TIGER 200커버드콜ATM
227540,TIGER 200 헬스케어
305540,TIGER 2차전지테마
365040,TIGER AI코리아그로스액티브
357870,TIGER CD금리투자KIS(합성)
377990,TIGER Fn신재생에너지
341850,TIGER KIS부동산인프라채권TR
364960,TIGER KRX BBIG K-뉴딜
364980,TIGER KRX2차전지K-뉴딜
292160,TIGER KRX300
364990,TIGER KRX게임K-뉴딜
364970,TIGER KRX바이오K-뉴딜
365000,TIGER KRX인터넷K-뉴딜
300610,TIGER K게임
138530,TIGER LG그룹+펀더멘털
289260,TIGER MSCI KOREA ESG리더스
289250,TIGER MSCI KOREA ESG유니버설
310970,TIGER MSCI Korea TR
143850,TIGER 미국S&P500선물(H)
269370,TIGER S&P글로벌인프라(합성)
292150,TIGER TOP10
139280,TIGER 경기방어
237440,TIGER 경기방어채권혼합
319640,TIGER 골드선물(H)
160580,TIGER 구리실물
114820,TIGER 국채3년
302180,TIGER 국채선물10년인버스
302170,TIGER 국채선물3년인버스
371450,TIGER 글로벌클라우드컴퓨팅INDXX
248270,TIGER S&P글로벌헬스케어(합성)
139310,TIGER 금속선물(H)
139320,TIGER 금은선물(H)
133690,TIGER 미국나스닥100
137610,TIGER 농산물선물Enhanced(H)
272580,TIGER 단기채권액티브
157450,TIGER 단기통안채
292110,TIGER 대형가치
292100,TIGER 대형성장
105010,TIGER 라틴35
123320,TIGER 레버리지
147970,TIGER 모멘텀
360750,TIGER 미국S&P500
245340,TIGER 미국다우존스30
329750,TIGER 미국달러단기채권액티브
261110,TIGER 미국달러선물레버리지
261120,TIGER 미국달러선물인버스2X
305080,TIGER 미국채10년선물
381170,TIGER 미국테크TOP10 INDXX
381180,TIGER 미국필라델피아반도체나스닥
228810,TIGER 미디어컨텐츠
091230,TIGER 반도체
098560,TIGER 방송통신
170350,TIGER 베타플러스
329200,TIGER 부동산인프라고배당
138520,TIGER 삼성그룹펀더멘털
157490,TIGER 소프트웨어
228800,TIGER 여행레저
227570,TIGER 우량가치
261140,TIGER 우선주
130680,TIGER 원유선물Enhanced(H)
245350,TIGER 유로스탁스배당30
091220,TIGER 은행
307510,TIGER 의료기기
236350,TIGER 인도니프티50레버리지(합성)
123310,TIGER 인버스
241180,TIGER 일본니케이225
292560,TIGER 일본엔선물
248260,TIGER 일본TOPIX헬스케어(합성)
150460,TIGER 중국소비테마
292140,TIGER 중소형가치
292130,TIGER 중소형성장
302190,TIGER 중장기국채
157500,TIGER 증권
307520,TIGER 지주회사
117690,TIGER 차이나항셍25
245360,TIGER 차이나HSCEI
371470,TIGER 차이나바이오테크SOLACTIVE
371460,TIGER 차이나전기차SOLACTIVE
371160,TIGER 차이나항셍테크
166400,TIGER 200커버드콜5%OTM
233160,TIGER 코스닥150 레버리지
232080,TIGER 코스닥150
261060,TIGER 코스닥150IT
261070,TIGER 코스닥150바이오테크
250780,TIGER 코스닥150선물인버스
277640,TIGER 코스피대형주
277650,TIGER 코스피중형주
277630,TIGER 코스피
376410,TIGER 탄소효율그린뉴딜
143860,TIGER 헬스케어
138540,TIGER 현대차그룹+펀더멘털
228790,TIGER 화장품
276000,TIGER 글로벌자원생산기업(합성 H)
139260,TIGER 200 IT
139220,TIGER 200 건설
139290,TIGER 200 경기소비재
139270,TIGER 200 금융
139250,TIGER 200 에너지화학
139230,TIGER 200 중공업
139240,TIGER 200 철강소재
228820,TIGER KTOP30
225060,TIGER 이머징마켓MSCI레버리지(합성 H)
182480,TIGER 미국MSCI리츠(합성 H)
225040,TIGER 미국S&P500레버리지(합성 H)
225030,TIGER 미국S&P500선물인버스(H)
217790,TIGER 가격조정
203780,TIGER 미국나스닥바이오
182490,TIGER 단기선진하이일드(합성 H)
174350,TIGER 로우볼
275980,TIGER 글로벌4차산업혁신기술(합성 H)
211560,TIGER 배당성장
217770,TIGER 원유선물인버스(H)
225050,TIGER 유로스탁스레버리지(합성 H)
195930,TIGER 유로스탁스50(합성 H)
195920,TIGER 일본TOPIX(합성 H)
192090,TIGER 차이나CSI300
204480,TIGER 차이나CSI300레버리지(합성)
217780,TIGER 차이나CSI300인버스(합성)
210780,TIGER 코스피고배당
285690,FOCUS ESG리더스
292730,FOCUS KRX300
278530,KODEX 200TR
226980,KODEX 200 중소형
337160,KODEX 200ESG
363580,KODEX 200IT TR
337150,KODEX 200exTOP
223190,KODEX 200가치저변동
237350,KODEX 코스피100
252650,KODEX 200동일가중
360140,KODEX 200롱코스닥150숏선물
252670,KODEX 200선물인버스2X
305720,KODEX 2차전지산업
271060,KODEX 3대농산물선물(H)
099140,KODEX China H
204450,KODEX China H 레버리지(H)
291660,KODEX China H선물인버스(H)
368680,KODEX Fn K-뉴딜디지털플러스
296710,KODEX FnKorea50
337120,KODEX Fn멀티팩터
325010,KODEX Fn성장
266370,KODEX IT
101280,KODEX 일본TOPIX100
373490,KODEX K-이노베이션액티브
306950,KODEX KRX300레버리지
292190,KODEX KRX300
229720,KODEX KTOP30
289040,KODEX MSCI KOREA ESG유니버설
156080,KODEX MSCI Korea
278540,KODEX MSCI Korea TR
251350,KODEX 선진국MSCI World
275280,KODEX MSCI모멘텀
275290,KODEX MSCI밸류
275300,KODEX MSCI퀄리티
269420,KODEX S&P글로벌인프라(합성)
291890,KODEX MSCI EM선물(H)
329650,KODEX TRF3070
329660,KODEX TRF5050
329670,KODEX TRF7030
352540,KODEX TSE일본리츠(H)
315930,KODEX Top5PlusTR
271050,KODEX WTI원유선물인버스(H)
261220,KODEX WTI원유선물(H)
300950,KODEX 게임산업
266390,KODEX 경기소비재
279530,KODEX 고배당
280940,KODEX 골드선물인버스(H)
132030,KODEX 골드선물(H)
138910,KODEX 구리선물(H)
114260,KODEX 국고채3년
292770,KODEX 국채선물3년인버스
276990,KODEX 글로벌4차산업로보틱스(합성)
102960,KODEX 기계장비
352560,KODEX 다우존스미국리츠(H)
273140,KODEX 단기변동금리부채권액티브
244620,KODEX 모멘텀Plus
314250,KODEX 미국FANG플러스(H)
379800,KODEX 미국S&P500TR
276970,KODEX 미국S&P고배당커버드콜(합성 H)
379810,KODEX 미국나스닥100TR
304940,KODEX 미국나스닥100선물(H)
261250,KODEX 미국달러선물레버리지
261260,KODEX 미국달러선물인버스2X
261270,KODEX 미국달러선물인버스
261240,KODEX 미국달러선물
280930,KODEX 미국러셀2000(H)
218420,KODEX 미국S&P에너지(합성)
308620,KODEX 미국채10년선물
304670,KODEX 미국채울트라30년선물인버스(H)
304660,KODEX 미국채울트라30년선물(H)
266360,KODEX 미디어&엔터테인먼트
244580,KODEX 바이오
091160,KODEX 반도체
325020,KODEX 배당가치
211900,KODEX 배당성장
237370,KODEX 배당성장채권혼합
244670,KODEX 밸류Plus
102780,KODEX 삼성그룹
256750,KODEX 심천ChiNext(합성)
144600,KODEX 은선물(H)
091170,KODEX 은행
091180,KODEX 자동차
363570,KODEX 장기종합채권(AA-이상)액티브KAP
273130,KODEX 종합채권(AA-이상)액티브
169950,KODEX 중국본토 A50
283580,KODEX 중국본토CSI300
102970,KODEX 증권
372330,KODEX 차이나항셍테크
279540,KODEX 최소변동성
229200,KODEX 코스닥 150
233740,KODEX 코스닥150 레버리지
360150,KODEX 코스닥150롱코스피200숏선물
251340,KODEX 코스닥150선물인버스
226490,KODEX 코스피
359210,KODEX 코스피TR
337140,KODEX 코스피대형주
138920,KODEX 콩선물(H)
244660,KODEX 퀄리티Plus
375770,KODEX 탄소효율그린뉴딜
266410,KODEX 필수소비재
298770,KODEX 한국대만IT프리미어
266420,KODEX 헬스케어
364690,KODEX 혁신기술테마액티브
069500,KODEX 200
284430,KODEX 200미국채혼합
321410,KODEX 멀티에셋하이인컴(H)
219480,KODEX 미국S&P500선물(H)
176950,KODEX 국채선물10년인버스
152380,KODEX 국채선물10년
117700,KODEX 건설
214980,KODEX 단기채권PLUS
153130,KODEX 단기채권
122630,KODEX 레버리지
185680,KODEX 미국S&P바이오(합성)
200030,KODEX 미국S&P산업재(합성)
140700,KODEX 보험
213610,KODEX 삼성그룹밸류
117460,KODEX 에너지화학
140710,KODEX 운송
114800,KODEX 인버스
117680,KODEX 철강
295040,SMART 200TR
363510,SMART KIS단기통안채
292500,SMART KRX300
208470,SMART 선진국MSCI World(합성 H)
220130,SMART 중국본토 중소형 CSI500(합성 H)
108590,TREX 200
145850,TREX 펀더멘탈 200
153270,KOSEF 코스피100
167860,KOSEF 국고채10년레버리지
148070,KOSEF 국고채10년
294400,KOSEF 200TR
069660,KOSEF 200
253250,KOSEF 200선물레버리지
253230,KOSEF 200선물인버스2X
253240,KOSEF 200선물인버스
331910,KOSEF Fn중소형
100910,KOSEF KRX100
200250,KOSEF 인도Nifty50(합성)
104530,KOSEF 고배당
114470,KOSEF 국고채3년
130730,KOSEF 단기자금
139660,KOSEF 미국달러선물인버스
138230,KOSEF 미국달러선물
225800,KOSEF 미국달러선물레버리지
230480,KOSEF 미국달러선물인버스2X
373790,KOSEF 미국방어배당성장나스닥
104520,KOSEF 블루칩
291630,KOSEF 코스닥150선물레버리지
291620,KOSEF 코스닥150선물인버스
316670,KOSEF 코스닥150
122260,KOSEF 통안채1년
168300,KTOP 코스피50
332500,KINDEX 200TR
380340,KINDEX Fn5G플러스
368470,KINDEX Fn K-뉴딜디지털플러스
356540,KINDEX KIS종합채권(AA-이상)액티브
277540,KINDEX S&P아시아TOP50
114460,KINDEX 국고채3년
365780,KINDEX 국고채10년
299070,KINDEX 국채선물10년인버스
299080,KINDEX 국채선물3년인버스
181480,KINDEX 미국다우존스리츠(합성 H)
190620,KINDEX 단기통안채
265690,KINDEX 러시아MSCI(합성)
152500,KINDEX 레버리지
291130,KINDEX 멕시코MSCI(합성)
342140,KINDEX 모닝스타싱가포르리츠채권혼합
280320,KINDEX 미국IT인터넷S&P(합성 H)
360200,KINDEX 미국S&P500
309230,KINDEX 미국WideMoat가치주
367380,KINDEX 미국나스닥100
211260,KINDEX 배당성장
143460,KINDEX 밸류대형
245710,KINDEX 베트남VN30(합성)
131890,KINDEX 삼성그룹동일가중
108450,KINDEX 삼성그룹섹터가중
226380,KINDEX Fn성장소비주도주
322130,KINDEX 스마트로우볼
272220,KINDEX 스마트모멘텀
272230,KINDEX 스마트밸류
322120,KINDEX 스마트퀄리티
322150,KINDEX 스마트하이베타
316300,KINDEX 싱가포르리츠
256440,KINDEX 인도네시아MSCI(합성)
145670,KINDEX 인버스
196030,KINDEX 일본TOPIX레버리지(H)
238720,KINDEX 일본Nikkei225(H)
205720,KINDEX 일본TOPIX인버스(합성 H)
168580,KINDEX 중국본토CSI300
272910,KINDEX 중장기국공채액티브
371870,KINDEX 차이나항셍테크
354500,KINDEX 코스닥150
251890,KINDEX 코스닥(합성)
305050,KINDEX 코스피
261920,KINDEX 필리핀MSCI(합성)
105190,KINDEX 200
371130,KINDEX 블룸버그베트남VN30선물레버리지(H)
219900,KINDEX 중국본토CSI300레버리지(합성)
152100,ARIRANG 200
295820,ARIRANG 200동일가중
253150,ARIRANG 200선물레버리지
253160,ARIRANG 200선물인버스2X
278420,ARIRANG ESG우수기업
227830,ARIRANG 코스피
122090,ARIRANG 코스피50
309170,ARIRANG KRX300IT
292750,ARIRANG KRX300
309210,ARIRANG KRX300헬스케어
333940,ARIRANG KS로우볼가중TR
333950,ARIRANG KS로우사이즈가중TR
333960,ARIRANG KS모멘텀가중TR
333970,ARIRANG KS밸류가중TR
333980,ARIRANG KS퀄리티가중TR
269540,ARIRANG 미국S&P500(H)
269530,ARIRANG S&P글로벌인프라
251590,ARIRANG 고배당저변동50
161510,ARIRANG 고배당주
251600,ARIRANG 고배당주채권혼합
289670,ARIRANG 국채선물10년
298340,ARIRANG 국채선물3년
278620,ARIRANG 단기채권액티브
287180,ARIRANG 미국나스닥기술주
332610,ARIRANG 미국단기우량회사채
332620,ARIRANG 미국장기우량회사채
238670,ARIRANG 스마트베타Quality채권혼합
373530,ARIRANG 신흥국MSCI인버스(합성 H)
256450,ARIRANG 심천차이넥스트(합성)
239660,ARIRANG 우량회사채50 1년
280920,ARIRANG 주도업종
266550,ARIRANG 중형주저변동50
301410,ARIRANG 코스닥150선물인버스
301400,ARIRANG 코스닥150
328370,ARIRANG 코스피TR
301440,ARIRANG 코스피중형주
376250,ARIRANG 탄소효율그린뉴딜
213630,ARIRANG 미국다우존스고배당주(합성 H)
189400,ARIRANG 글로벌MSCI(합성 H)
195970,ARIRANG 선진국MSCI(합성 H)
195980,ARIRANG 신흥국MSCI(합성 H)
215620,흥국 S&P코리아로우볼
